"product_name","product_url","product_instock","product_price"
"Philips Hue White A19 60W Equivalent LED Smart Bulb Starter Kit (4 A19 White Bulbs and 1 Hub Compatible with Amazon Alexa Apple HomeKit and Google Assistant)","https://www.amazon.com/Philips-Hue-Equivalent-Compatible-Assistant/dp/B07354SP1C/ref=sxin_0_osp48-aa92a2dc_cov?ascsubtag=aa92a2dc-3c51-4bd4-84ae-194e86169596&creativeASIN=B07354SP1C&cv_ct_cx=smart+light&cv_ct_id=amzn1.osp.aa92a2dc-3c51-4bd4-84ae-194e86169596&cv_ct_pg=search&cv_ct_wn=osp-search&keywords=smart+light&linkCode=oas&pd_rd_i=B07354SP1C&pd_rd_r=d7ebff29-4c90-446b-976e-e851b5ad6a99&pd_rd_w=yQaj8&pd_rd_wg=xAElo&pf_rd_p=62c00474-6fe0-420f-9956-a05256e04b43&pf_rd_r=28SPZKBDXS36QTHWAWGK&qid=1581539632&sr=1-1-32a32192-7547-4d9b-b4f8-fe31bfe05040&tag=spyonsite-20","",""
"Smart WiFi Light Bulb, LED RGB Color Changing, Compatible with Alexa and Google Home Assistant, No Hub Required, A19 E26 Multicolor LUMIMAN 2 Pack","https://www.amazon.com/Changing-Compatible-Assistant-Multicolor-LUMIMAN/dp/B07DLSNNDS/ref=sxin_0_osp48-aa92a2dc_cov?ascsubtag=aa92a2dc-3c51-4bd4-84ae-194e86169596&creativeASIN=B07DLSNNDS&cv_ct_cx=smart+light&cv_ct_id=amzn1.osp.aa92a2dc-3c51-4bd4-84ae-194e86169596&cv_ct_pg=search&cv_ct_wn=osp-search&keywords=smart+light&linkCode=oas&pd_rd_i=B07DLSNNDS&pd_rd_r=d7ebff29-4c90-446b-976e-e851b5ad6a99&pd_rd_w=yQaj8&pd_rd_wg=xAElo&pf_rd_p=62c00474-6fe0-420f-9956-a05256e04b43&pf_rd_r=28SPZKBDXS36QTHWAWGK&qid=1581539632&sr=1-2-32a32192-7547-4d9b-b4f8-fe31bfe05040&tag=spyonsite-20","In Stock.",""
"Kasa Smart Light Bulb by TP-Link – WiFi Bulbs, No Hub Required, Old Version, Works with Alexa & Google (LB110)","https://www.amazon.com/TP-Link-LB110-Smart-Wi-Fi-Dimmable/dp/B01HXM8XE2/ref=sxin_0_osp48-aa92a2dc_cov?ascsubtag=aa92a2dc-3c51-4bd4-84ae-194e86169596&creativeASIN=B01HXM8XE2&cv_ct_cx=smart+light&cv_ct_id=amzn1.osp.aa92a2dc-3c51-4bd4-84ae-194e86169596&cv_ct_pg=search&cv_ct_wn=osp-search&keywords=smart+light&linkCode=oas&pd_rd_i=B01HXM8XE2&pd_rd_r=d7ebff29-4c90-446b-976e-e851b5ad6a99&pd_rd_w=yQaj8&pd_rd_wg=xAElo&pf_rd_p=62c00474-6fe0-420f-9956-a05256e04b43&pf_rd_r=28SPZKBDXS36QTHWAWGK&qid=1581539632&sr=1-3-32a32192-7547-4d9b-b4f8-fe31bfe05040&tag=spyonsite-20","In Stock.",""
"Smart LED Light Bulb 2.4G(Not 5G) E26 WiFi Multicolor Light Bulb Work with Alexa,Siri, Echo, Google Home and IFTTT (No Hub Required), A19 60W Equivalent RGB Color Changing Bulb (4 Pack)","https://www.amazon.com/Multicolor-Google-Required-Equivalent-Changing/dp/B07QYMPT6W/ref=sr_1_1?keywords=smart+light&qid=1581539632&sr=8-1","In Stock.","39."
"BERENNIS Smart Light Bulb, A19 E26 RGBCW WiFi Dimmable Multicolor LED Lights, Compatible with Alexa, Google Home and IFTTT (No Hub Required) 7W (60w Equivalent) 3 Pack","https://www.amazon.com/BERENNIS-Dimmable-Multicolored-Required-Compatible/dp/B07GGWNQT7/ref=sr_1_2?keywords=smart+light&qid=1581539632&sr=8-2","In Stock.","29."
"Govee Smart WiFi LED Strip Lights Works with Alexa, Google Home Brighter 5050 LED, 16 Million Colors Phone App Controlled Music Light Strip for Home, Kitchen, TV, Party, for iOS and Android, 16.4ft","https://www.amazon.com/Govee-Brighter-Million-Controlled-Kitchen/dp/B07N1CMGQQ/ref=sr_1_3?keywords=smart+light&qid=1581539632&smid=A2KZ7X05DCDJDL&sr=8-3","In Stock.","25."
"Smart WiFi Light Bulb, LED RGB Color Changing, Compatible with Alexa and Google Home Assistant, No Hub Required, A19 E26 Multicolor LUMIMAN 2 Pack","https://www.amazon.com/Changing-Compatible-Assistant-Multicolor-LUMIMAN/dp/B07DLSNNDS/ref=sr_1_4?keywords=smart+light&qid=1581539632&sr=8-4","In Stock.","22."
"Smart WiFi Light Bulb with Soft White Light, TECKIN 16 Million RGB Color Changing LED Bulb That Work with Alexa, Google Home (No Hub Required), 7.5W (60w Equivalent),4 Pack","https://www.amazon.com/Multicolor-Compatible-Required-TECKIN-Equivalent/dp/B07GT3RXM6/ref=sr_1_5?keywords=smart+light&qid=1581539632&sr=8-5","In Stock.","39."
"Smart LED Light Bulb 2.4G(Not 5G) E26 WiFi Multicolor Light Bulb Work with Siri,Alexa, Echo, Google Home and IFTTT (No Hub Required), Peteme A19 60W Equivalent RGB Color Changing Bulb (2 Pack)","https://www.amazon.com/Multicolor-Required-Peteme-Equivalent-Changing/dp/B07MKDLV1V/ref=sr_1_6?keywords=smart+light&qid=1581539632&sr=8-6","In Stock.","20."
"Smart WiFi Alexa Light Bulbs 2.4G, SAUDIO LED RGB Color Changing Bulbs, Compatible with Siri,Alexa,IFTTT and Google Home Assistant, No Hub Required, A19 E26 Multicolor 4 Pack","https://www.amazon.com/SAUDIO-Changing-Compatible-Assistant-Multicolor/dp/B07RX62616/ref=sr_1_7?keywords=smart+light&qid=1581539632&sr=8-7","In Stock.","39."
"Wyze Bulb 800 Lumen A19 LED Smart Home Light Bulb, Adjustable white temperature and brightness, works with Alexa and the Google Assistant, No Hub Required, 4-Pack","https://www.amazon.com/Wyze-Adjustable-temperature-brightness-Assistant/dp/B07RF9NCDP/ref=sr_1_8?keywords=smart+light&qid=1581539632&sr=8-8","In Stock.","37."
"Kasa Smart Light Switch by TP-Link – Needs Neutral Wire, WiFi Light Switch, Works with Alexa & Google (HS200) White 1-Pack","https://www.amazon.com/Kasa-Smart-Light-Switch-TP-Link/dp/B01EZV35QU/ref=sr_1_9?keywords=smart+light&qid=1581539632&sr=8-9","In Stock.","19."
"Smart Light Bulb Compatible with Alexa Google Home, NiteBird A19 E26 Wifi Dimmable Warm White 2700K LED Lights Bulbs, 75W Equivalent, No Hub Required, 4 Pack","https://www.amazon.com/Compatible-NiteBird-Dimmable-Equivalent-Required/dp/B081SWYGTT/ref=sr_1_10?keywords=smart+light&qid=1581539632&sr=8-10","In Stock.","31."
"Smart Light Bulbs E12 Base LED Candelabra Bulbs, Color Changing and Dimmable, Compatible with Alexa Google Home IFTTT, Tunable White Chandelier Light Bulbs 320 lm 35w Equivalent, 4 Pack","https://www.amazon.com/Candelabra-Changing-Compatible-Chandelier-Equivalent/dp/B07WGL5L8Q/ref=sr_1_11?keywords=smart+light&qid=1581539632&sr=8-11","In Stock.","39."
"Smart Light Bulbs, Aoycocr BR30 Dimmable LED Light Bulbs, 720 Lumen, Tunable White 2700K - 9000K,9 (80W Equivalent) No Hub Required, Wi-Fi, E26 Base (4 Pack)","https://www.amazon.com/Smart-Light-Aoycocr-Dimmable-Tunable/dp/B07VCRJ9ZM/ref=sr_1_12?keywords=smart+light&qid=1581539632&sr=8-12","In Stock.","52."
"Smart Light Bulb Compatible with Alexa Google Home, NiteBird A19 E26 WiFi Dimmable Warm White 2700K LED Lights Bulbs, 75W Equivalent, No Hub Required, 2 Pack","https://www.amazon.com/Compatible-NiteBird-Dimmable-Equivalent-Required/dp/B082DWK146/ref=sr_1_13?keywords=smart+light&qid=1581539632&sr=8-13","In Stock.","16."
"Smart Light Bulb, Works with Alexa, Echo, Google Home and Siri, AL Above Lights Dimmable E26 9W Wi-Fi LED Smart Bulb, Soft White (2700K), 60W Equivalent, 810 LM, RGB+W, ETL Listed - 1 Pack","https://www.amazon.com/AL-Above-Lights-Dimmable-Equivalent/dp/B07SN3MZM7/ref=sr_1_14?keywords=smart+light&qid=1581539632&sr=8-14","In Stock.","13."
"Gosund Smart Light Bulb Compatible with Alexa Google Home WiFi A19 E26 LED Dimmable Bulbs No Hub Required 2700K Warm White 8W Lights 75W Equivalent Lighting 2pack","https://www.amazon.com/Gosund-Dimmable-Required-Equivalent-Lighting/dp/B082X4QTKJ/ref=sr_1_15?keywords=smart+light&qid=1581539632&sr=8-15","In Stock.","16."
"Smart Alexa Light Bulbs, SAUDIO WiFi LED Bulbs RGB Color Changing Bulbs, Compatible with Siri,Alexa,IFTTT and Google Home Assistant, No Hub Required, A19 E26 Multicolor 2 Pack","https://www.amazon.com/SAUDIO-Changing-Compatible-Assistant-Multicolor/dp/B082WT4CPW/ref=sr_1_16?keywords=smart+light&qid=1581539632&sr=8-16","In Stock.","20."
"Light Bulb Camera,Include 16GB Card 1080P WiFi Security Camera, 2MP Wireles IP LED Cam,360 Degrees Panoramic VR Indoor/Outdoor Home Surveillance Cameras,Motion Detection/Night Vision/Alarm","https://www.amazon.com/Include-Security-Panoramic-Surveillance-Detection/dp/B082S9PBHK/ref=sr_1_17?keywords=smart+light&qid=1581539632&sr=8-17","In Stock.","32."
"Philips Hue White 2-Pack A19 LED Smart Bulb, Bluetooth & Zigbee compatible (Hue Hub Optional), Works with Alexa & Google Assistant – A Certified for Humans Device","https://www.amazon.com/Philips-Hue-Bluetooth-compatible-Assistant/dp/B07R2MQ2PY/ref=sr_1_18?keywords=smart+light&qid=1581539632&sr=8-18","In Stock.","29."
"Treatlife Smart Light Switch（Neutral Wire Required), 2.4Ghz Wi-Fi Light Switch, Works with Alexa and Google Assistant, Schedule, Remote Control, Single Pole, ETL Listed (4 PACK)","https://www.amazon.com/Treatlife-Smart-Light-Switch-Assistant/dp/B07R4MFWCQ/ref=sr_1_19?keywords=smart+light&qid=1581539632&sr=8-19","In Stock.","59."
"Smart Light Bulb Alexa LED Color Changing Light Bulbs,TECKIN A19 E27 60W 800LM Equivalent Compatible with Google Home,IFTTT,2800K-6000K Cold and Warm Light WiFi Blubs(7.5W),2pack","https://www.amazon.com/Changing-TECKIN-Equivalent-Compatible-2800K-6000K/dp/B07ZJHKC8W/ref=sr_1_20?keywords=smart+light&qid=1581539632&sr=8-20","In Stock.","24."
"Amazon Smart Plug, works with Alexa – A Certified for Humans Device","https://www.amazon.com/Amazon-Smart-Plug-works-Alexa/dp/B01MZEEFNX/ref=sr_1_21?keywords=smart+light&qid=1581539632&sr=8-21","In Stock.","24."
"OHLUX Smart WiFi LED Light Bulbs Compatible with Alexa Google Home and IFTTT(No Hub Required), RGBCW Multi-Color, Warm to Cool White Dimmable, 60W Equivalent, 7W E26 A19 Color Changing Bulb-4PACK","https://www.amazon.com/OHLUX-Compatible-Equivalent-Multi-Color-Bulb-4PACK/dp/B07LCB3HQJ/ref=sr_1_22?keywords=smart+light&qid=1581539632&sr=8-22","In Stock.","39."
"Smart Light Bulb with Soft White Light 2800k-6200k + RGBW, TECKIN A19 WiFi Multicolor LED Bulb Compatible with Phone, Google Home, 8w (60w Equivalent),2 Pack","https://www.amazon.com/Dimmable-Multicolor-Compatible-TECKIN-Equivalent/dp/B07GT2Q5RW/ref=sr_1_23?keywords=smart+light&qid=1581539632&sr=8-23","In Stock.","23."
"Smart WiFi Light Bulb, LUMIMAN LED RGBCW Color Changing, Compatible with Alexa, Siri and Google Home Assistant, No Hub Required, A19 E26 Multicolor 4 Pack","https://www.amazon.com/LUMIMAN-Changing-Compatible-Assistant-Multicolor/dp/B07XYXY5QR/ref=sr_1_24?keywords=smart+light&qid=1581539632&sr=8-24","In Stock.","39."
"TECKIN Smart Light Bulb LED RGB Color Changing,A19 E27 60W 800LM Equivalent Compatible with Alexa Google Home,IFTTT,2800K-6000K Cold and Warm Light WiFi Blubs(7.5W),4pack","https://www.amazon.com/TECKIN-Changing-Equivalent-Compatible-2800K-6000K/dp/B07ZJHGQZ2/ref=sr_1_25?keywords=smart+light&qid=1581539632&sr=8-25","In Stock.","39."
"Dusk to Dawn Light Bulb Sensor Smart LED Outdoor Lighting Bulbs Lamp 7W E26/E27 Automatic On/Off, Indoor/Outdoor Yard Porch Patio Garden (Warm White, 3 Pack)","https://www.amazon.com/Sensor-Outdoor-Lighting-Automatic-Indoor/dp/B077SQ95ZW/ref=sr_1_26?keywords=smart+light&qid=1581539632&sr=8-26","In Stock.","21."
"Philips Hue White and Color Ambiance LightStrip Plus Dimmable LED Smart Light (Requires Hue Hub, Works with Alexa, HomeKit & Google Assistant)","https://www.amazon.com/Philips-Ambiance-LightStrip-Compatible-Assistant/dp/B0167H33DU/ref=sr_1_27?keywords=smart+light&qid=1581539632&sr=8-27","In Stock.","79."
"WeMo Smart Light Switch 2ND Gen","https://www.amazon.com/WeMo-Smart-Light-Switch-2ND/dp/B07RT8H9WH/ref=sr_1_28?keywords=smart+light&qid=1581539632&sr=8-28","In Stock.","39."
"Kasa Smart WiFi Plug by TP-Link – Smart Plug, No Hub Required, Works with Alexa and Google (HS100), white, 1 Pack","https://www.amazon.com/TP-Link-HS100-Required-Google-Assistant/dp/B0178IC734/ref=sr_1_29?keywords=smart+light&qid=1581539632&sr=8-29","In Stock.","16."
"Smart Switch, SAUDIO Smart Light Dimmer Switch for Dimmable LED/Halogen/Incandescent Bulbs, Compatible with Alexa, Google Assistant/IFTTT, Remote Control, Single-Pole, Neutral Wire Required(1 Pack)","https://www.amazon.com/SAUDIO-Incandescent-Compatible-Assistant-Single-Pole/dp/B082WR6VDJ/ref=sr_1_30?keywords=smart+light&qid=1581539632&sr=8-30","In Stock.","25."
"Smart Light Switch&Alexa Smart Double Switch& 2.4Ghz WIFI Light Switch With Timer and Remote Control,Schedule,Neutral Wire Needed,Works with Alexa, Google Assistant and IFTTT,Single Pole (2gang)","https://www.amazon.com/Switch-Double-Remote-Control-required/dp/B07QRRRTDM/ref=sr_1_31?keywords=smart+light&qid=1581539632&sr=8-31","In Stock.","36."
"Smart Light Bulbs, Aoycocr BR30 Dimmable LED Light Bulbs, 720 Lumen, Tunable White 2700K - 9000K,9 (80W Equivalent), Works with Alexa, Google Assistant, IFTTT, No Hub Required, Wi-Fi, E26 Base, 6 Pack","https://www.amazon.com/Smart-Light-Aoycocr-Dimmable-Tunable/dp/B07VP2KL7W/ref=sr_1_32?keywords=smart+light&qid=1581539632&sr=8-32","In Stock.","80."
"Smart Light Bulb WiFi Light Bulbs,TECKIN 13W E27 RGBCW Multicolor Dimmable LED Color Changing Light Bulb Equivalent 100W,1300LM BR30 Compatible with Alexa and Google Home IFTTT 2900K-6000K 2 Packs","https://www.amazon.com/TECKIN-Multicolor-Equivalent-Compatible-2900K-6000K/dp/B07Z8X6VQZ/ref=sr_1_33?keywords=smart+light&qid=1581539632&sr=8-33","In Stock.","37."
"Smart LED Light Bulb, Dimmable WiFi Smart Bulb with Warm Lights - No Hub Required, Christmas Smart Bulb Works with Alexa Echo Dot, Google Home Mini & Samsung, KHSUIN LED Smart Light Bulbs 7W (80W)","https://www.amazon.com/Smart-Light-Bulb-Dimmable-Lights/dp/B07WS6SK2X/ref=sr_1_34?keywords=smart+light&qid=1581539632&sr=8-34","In Stock.","19."
"TECKIN Smart Light Bulb,LED RGB Color Changing,E27 100W 1300LM Equivalent Compatible with Alexa and Google Home,IFTTT,2900K-6000K BR30 WiFi Light Blubs(13W),1 Pack","https://www.amazon.com/TECKIN-Changing-Equivalent-Compatible-2900K-6000K/dp/B07RZKV7FQ/ref=sr_1_35?keywords=smart+light&qid=1581539632&sr=8-35","In Stock.","19."
"Samsung SMARTBULB/GP-LBU019BBAWU / GP-LBU019BBAWU / Smart Light Bulb SmartThings Dimmable Light Bulb/SmartThings Hub Required","https://www.amazon.com/Samsung-SMARTBULB-GP-LBU019BBAWU-SmartThings-Dimmable/dp/B07Q1DLSBN/ref=sr_1_36?keywords=smart+light&qid=1581539632&sr=8-36","In Stock.","9."
"Smart Led Light Bulb, Alexa RGB Color Changing Light Bulb, TECKIN E27 A19 60W Equivalent, Compatible with Alexa, Google Home and IFTTT, Cold and Warm Light 2800K-6000K, WiFi Control Bulb (2 Packs)","https://www.amazon.com/Changing-TECKIN-Equivalent-Compatible-2800K-6000K/dp/B081JTDZXT/ref=sr_1_37?keywords=smart+light&qid=1581539632&sr=8-37","In Stock.","23."
"Kasa Smart WiFi Light Bulb, Dimmable by TP-Link – No Hub Required, Works with Alexa & Google (KL110)","https://www.amazon.com/Kasa-Smart-Light-Dimmable-TP-Link/dp/B07G1PH3JL/ref=sr_1_38?keywords=smart+light&qid=1581539632&sr=8-38","In Stock.","16."
"Smart Light Bulb Works with Alexa Google Home, NiteBird A19 E26 WiFi Multicolor Dimmable LED Lights Bulbs, 2700k + RGB, 75W Equivalent, No Hub Required, 4 Pack","https://www.amazon.com/TanTan-Smart-Bulb/dp/B07MTYVSSV/ref=sr_1_39?keywords=smart+light&qid=1581539632&sr=8-39","In Stock.","35."
"Treatlife Smart Light Switch（Neutral Wire Required), 2.4Ghz Wi-Fi Light Switch, Works with Alexa and Google Assistant, Schedule, Remote Control, Single Pole, ETL Listed (1 PACK)","https://www.amazon.com/Treatlife-Smart-Light-Switch-Assistant/dp/B07R7PCCT9/ref=sr_1_40?keywords=smart+light&qid=1581539632&sr=8-40","In Stock.","17."
"Kasa 3-way Smart Light Switch, WiFi Smart Switch Works with Alexa Echo & Google Home, No Hub Required, Neutral Wire Needed (HS210)","https://www.amazon.com/Switch-Google-Required-Neutral-HS210/dp/B083JKTMYQ/ref=sr_1_41?keywords=smart+light&qid=1581539632&sr=8-41","In Stock.","24."
"3-way Smart Light Switch, Neutral Wire Required, Treatlife WiFi Light Switch Single Pole/3-way Switch Works With Alexa, Google Assistant, Remote Control, ETL, Schedule, 1 PACK","https://www.amazon.com/Treatlife-Assistant-Control-Schedule-Required/dp/B07V4X7BRT/ref=sr_1_42?keywords=smart+light&qid=1581539632&sr=8-42","In Stock.","27."
"TP-Link Kasa Smart WiFi Light Bulb, Multicolor - Smart LED Light Bulbs, Works with Alexa & Google (KL130)","https://www.amazon.com/Kasa-Smart-Light-Multicolor-TP-Link/dp/B07FZ6PLJG/ref=sr_1_43?keywords=smart+light&qid=1581539632&sr=8-43","In Stock.","29."
"NiteBird Smart TV Backlight Work with Alexa Google Home,Sync to Music WiFi LED TV light 9.2Ft Kit for 32'' to 60'' TV, Waterproof 5050 RGB Strip Light with Controller, Dimmable","https://www.amazon.com/NiteBird-Backlight-Waterproof-Controller-Dimmable/dp/B07XCVGL42/ref=sr_1_44?keywords=smart+light&qid=1581539632&sr=8-44","In Stock.","17."
"Philips Hue Go Portable Table Lamp","https://www.amazon.com/Philips-Hue-Portable-Dimmable-Assistant/dp/B00UVHAC1O/ref=sr_1_45?keywords=smart+light&qid=1581539632&sr=8-45","Available from these sellers.",""
"Wemo Wi-Fi Light Switch 3-Way 2-Pack Bundle - Control Lighting from Anywhere, Easy In-Wall Installation, Works with Alexa, Google Assistant and Apple HomeKit (WLS0403-BDL)","https://www.amazon.com/Wi-Fi-Light-Switch-2-Pack-Bundle/dp/B07NPZVYR1/ref=sr_1_46?keywords=smart+light&qid=1581539632&sr=8-46","In Stock.","77."
"Smart LED RGB Light Bulb - Aoycocr 10W A21 E26 Soft White (2700K) Multicolor - 900 Lumens (85W Equivalent) - Compatible with Amazon Alexa and Google Assistant, No Hub Required (4 Pack)","https://www.amazon.com/Smart-LED-RGB-Light-Bulb/dp/B07T8DRZZ5/ref=sr_1_47?keywords=smart+light&qid=1581539632&sr=8-47","In Stock.","40."
"Bali Women's Comfort Revolution Wirefree Bra with Smart Sizes Bra","https://www.amazon.com/Bali-Womens-Comfort-Revolution-Wirefree/dp/B00BNBBHW0/ref=sr_1_48?dchild=1&keywords=smart+light&qid=1581539632&sr=8-48","","16."
"LED Candelabra Bulbs E12 Base, Color Changing and Dimmable Smart Light Bulb, Compatible with Alexa Google Home IFTTT, Tunable White Chandelier Light Bulbs 320 lm 35w Equivalent, 3 Pack","https://www.amazon.com/Candelabra-Changing-Compatible-Chandelier-Equivalent/dp/B081L4Q5HH/ref=sr_1_49?keywords=smart+light&qid=1581540256&sr=8-49","In Stock.","28."
"Sengled Smart Light Bulb A19 LED Daylight, Hub Required, Smart Bulb A19 5000K 60W Equivalent, Smart Light Bulb Compatible with Alexa, Google Assistant, SmartThings & IFTTT, 2 Pack","https://www.amazon.com/Sengled-Equivalent-Compatible-Assistant-SmartThings/dp/B07Y4ZNJTX/ref=sr_1_50?keywords=smart+light&qid=1581540256&sr=8-50","In Stock.","19."
"[2020 Upgrade] 100W Equivalent Smart LED Light Bulb 2.4G(Not 5G) A21 by 3Stone, WiFi App Controlled UL Listed, Dimmable Warm White and RGB Colors, Works Perfect with Amazon Alexa Google Assistant","https://www.amazon.com/3Stone-Controlled-Dimmable-Equivalent-Assistant/dp/B07HR8GT12/ref=sr_1_51?keywords=smart+light&qid=1581540256&sr=8-51","In Stock.","41."
"Smart LED Light Bulb, TIKLOK WiFi Dimmable Soft White A19 E26 Bulb, Compatible with Alexa and Google Home, 2700K 60W Equivalent, Easy Setup Control, No Hub Required (4 Pack)","https://www.amazon.com/Dimmable-Compatible-Equivalent-Control-Required/dp/B07XB5C6SC/ref=sr_1_52?keywords=smart+light&qid=1581540256&sr=8-52","In Stock.","31."
"UPGRADED WiFi Smart LED Strip Lights 16.4ft Works with Alexa, Google Home Extra-Adhesive Bright 5050 LED, 16 Million Colors Phone App Controlled Strip for Home, Kitchen, TV, Party, for iOS and Android","https://www.amazon.com/TBI-Pro-Extra-Adhesive-Million-Controlled/dp/B07TNNMDBK/ref=sr_1_53?keywords=smart+light&qid=1581540256&sr=8-53","In Stock.","29."
"LOHAS Smart Light Bulb BR40 WiFi LED Bulb, E26 RGB Color Changing Lights, 1450LM 100W Equivalent WiFi Bulb Work with Alexa, Google Assistant, Daylight 2700K-6000K Bulbs for Home Lighting(15W), 1 Pack","https://www.amazon.com/LOHAS-LED-Equivalent-2700K-6000K-Home-Lighting/dp/B082QVJBTD/ref=sr_1_54?keywords=smart+light&qid=1581540256&sr=8-54","In Stock.","26."
"LE LampUX Smart LED Light Bulb, E12 Candelabra Light Bulbs, Works with Alexa Google Home, Tunable White 2700K-6500K, Dimmable with App, No Hub Required, 40 Watt Equivalent, 2.4GHz WiFi, Pack of 2","https://www.amazon.com/Candelabra-2700K-6500K-Dimmable-Required-Equivalent/dp/B07RSQW16R/ref=sr_1_55?keywords=smart+light&qid=1581540256&sr=8-55","In Stock.","22."
"SYLVANIA General Lighting 74768 SYLVANIA SMART (Formerly LIGHTIFY) On/Off/Dim LED Light Bulb, 60W Equivalent A19, 10 Year, Works with Amazon Alexa, SmartThings and Wink (4 Pack), Soft White, 4 Piece","https://www.amazon.com/Sylvania-Smart-Home-74768-SmartThings/dp/B07576J38L/ref=sr_1_56?keywords=smart+light&qid=1581540256&sr=8-56","In Stock.","16."
"Smart LED Light Bulb, Alexa Light Bulbs WiFi Dimmable 2 Pack Work with Google Home/Smart Life APP, Avatar Controls RGBW Color Changing Lights, No Hub Required (910LM E26 A19 8W=70W Equivalent)","https://www.amazon.com/Dimmable-Avatar-Controls-Changing-Equivalent/dp/B07SBPBDZW/ref=sr_1_57?keywords=smart+light&qid=1581540256&sr=8-57","In Stock.","19."
"AXTEE Smart Light Bulb 2.4G(Not 5G), WiFi LED RGBCW Color Changing Bulbs 2700K-6500K with White Lights Work with Alexa, Echo, Google Home and IFTTT(No Hub Required), A19 E26 60W Equivalent-3 Pack","https://www.amazon.com/Dimmable-Multicolored-Required-Amazon-Google/dp/B07G5M8FKG/ref=sr_1_58?keywords=smart+light&qid=1581540256&sr=8-58","In Stock.","27."
"Smart Light Bulbs, LOHAS BR30 LED WiFi Light Bulb Dimmable Daylight 5000K, 980LM, Compatible with Alexa Google Home Assistant, E26 10W Equivalent 75W BR30 Flood Light for Cans, No Hub Required, 2Pack","https://www.amazon.com/LOHAS-LED-Dimmable-Equivalent-Compatible/dp/B07SWYN9WS/ref=sr_1_59?keywords=smart+light&qid=1581540256&sr=8-59","In Stock.","23."
"LOHAS Smart LED Bulbs, Candelabra Base E12 LED Bulb Dimmable Smart Daylight 50 Watt Equivalent, 5000K LED WiFi Bulb No Hub Required Work with Alexa Google Home for chandelier ceiling fan bulbs, 4 Pack","https://www.amazon.com/LOHAS-LED-Candelabra-Equivalent-chandelier/dp/B07ZCND9FM/ref=sr_1_60?keywords=smart+light&qid=1581540256&sr=8-60","In Stock.","36."
"Etekcity Smart Light Bulb, WiFi Dimmable Soft White LED Bulb Works with Alexa, Google Home and IFTTT, Easy Setup, Schedule, A19 E26, 60W Equivalent, 806LM, 2700K, No Hub Required, UL Listed (4 Pack)","https://www.amazon.com/Etekcity-Dimmable-Schedule-Required-Equivalent/dp/B07TYV2BNF/ref=sr_1_61?keywords=smart+light&qid=1581540256&sr=8-61","In Stock.","43."
"OHLUX Smart WiFi LED Light Bulb, Works with Alexa and Google Home Assistant (No Hub Required), RGBCW Multi Color Changing Bulb, A19 E26 7W(60W Equivalent), IFTTT Compatible, 2-Pack","https://www.amazon.com/OHLUX-Assistant-Required-Equivalent-Compatible/dp/B07VVW7BZ9/ref=sr_1_62?keywords=smart+light&qid=1581540256&sr=8-62","In Stock.","21."
"Treatlife Smart Light Switch（Neutral Wire Required) , 2.4Ghz Wi-Fi Light Switch, Works with Alexa and Google Assistant, Schedule, Remote Control, Single Pole, ETL Listed (2 PACK)","https://www.amazon.com/Treatlife-Smart-Light-Switch-Assistant/dp/B07SB5RW14/ref=sr_1_63?keywords=smart+light&qid=1581540256&sr=8-63","In Stock.","32."
"DAYBETTER LED Strip Lights, Smart LED Lights 16.4ft Waterproof 5050 RGB Color Changing Controlled by Phone APP, Sync to Music, WiFi LED Strips Work with Alexa, Google Assistant for Bedroom","https://www.amazon.com/DAYBETTER-Waterproof-Changing-Controlled-Assistant/dp/B07VNG9ZLM/ref=sr_1_64?keywords=smart+light&qid=1581540256&sr=8-64","In Stock.","26."
"LED Candelabra Bulbs E12 Base- Chandelier Lighting Bulbs 400 Lumens 5W(45 Watt equiv.) - Tunable White 2000K-6500K RGB Color Changing Dimmable Smart Light Bulb - 3 Pack","https://www.amazon.com/Candelabra-Chandelier-Lighting-Lumens-equiv/dp/B07YFTKCQC/ref=sr_1_65?keywords=smart+light&qid=1581540256&sr=8-65","In Stock.","29."
"Smart WiFi LED Recessed Retrofit Downlight 5/6 inch, 15W Ceiling Down Lighting Compatible with Alexa,Siri and Google Home, RGBCW Multicolor Color Changing Retrofit Can Lights 2700K - 6500K No Hub","https://www.amazon.com/Recessed-Retrofit-Downlight-Compatible-Multicolor/dp/B07WS5L5LR/ref=sr_1_66?keywords=smart+light&qid=1581540256&sr=8-66","In Stock.","39."
"Gosund Smart Dimmer Switch, Wifi Wall Light Switch Compatible with Alexa and Google Home, 4 Pack, Single-Pole, Remote Control, No Hub Required, ETL and FCC Listed","https://www.amazon.com/Gosund-Compatible-Single-Pole-Control-Required/dp/B07VP4PHJJ/ref=sr_1_67?keywords=smart+light&qid=1581540256&sr=8-67","In Stock.","75."
"Smart Light Bulbs,TECKIN LED RGB Color Changing,E27 100W 1300LM Equivalent Compatible with Alexa and Google Home,IFTTT,2900K-6000K BR30 WiFi Light Blubs(13W),4 Pack","https://www.amazon.com/TECKIN-Changing-Equivalent-Compatible-2900K-6000K/dp/B07ZFSW1YJ/ref=sr_1_68?keywords=smart+light&qid=1581540256&sr=8-68","In Stock.","69."
"TP-Link (HS220) Kasa Smart Dimmer WiFi Light Switch, 1-Pack","https://www.amazon.com/TP-Link-HS220-Dimmer-Switch-1-Pack/dp/B079775ZZQ/ref=sr_1_69?keywords=smart+light&qid=1581540256&sr=8-69","In Stock.","29."
"Smart Light Switch, Treatlife 2.4Ghz Smart Switch Wi-Fi Light Switch, Neutral Wire Required, Works with Alexa and Google Assistant, Single-Pole, Schedule, Remote Control, ETL Listed, 4 PACK","https://www.amazon.com/Treatlife-Required-Assistant-Single-Pole-Schedule/dp/B07WWYQJFR/ref=sr_1_70?keywords=smart+light&qid=1581540256&sr=8-70","In Stock.","64."
"The Body Keeps the Score: Brain, Mind, and Body in the Healing of Trauma","https://www.amazon.com/Body-Keeps-Score-Healing-Trauma/dp/0143127748/ref=sr_1_71?keywords=smart+light&qid=1581540256&sr=8-71","In Stock.","10."
"Gosund Smart Dimmer Switch, Smart Light Switch Dimmer Compatible with Alexa & Google Home, with Remote Control & Timer, Single-Pole, Neutral Wire Required, ETL & FCC Listed, No Hub Required (1 Pack)","https://www.amazon.com/Gosund-Compatible-Control-Single-Pole-Required/dp/B07WSSTVL5/ref=sr_1_72?keywords=smart+light&qid=1581540256&sr=8-72","In Stock.","20."
"Philips Hue White A19 4-Pack 60W Equivalent Dimmable LED Smart Bulbs (Hue Hub Required, Works with Alexa, HomeKit & Google Assistant), Old Version","https://www.amazon.com/Philips-Hue-Equivalent-Compatible-Assistant/dp/B073SSK6P8/ref=sr_1_73?keywords=smart+light&qid=1581540256&sr=8-73","In Stock.","49."
"AISIRER Smart Light Bulb WiFi LED Bulbs 9W 806LM Compatible with Amazon Alexa Echo Google Home Assistant and IFTTT Dimmable Warm Light 2700K No Hub Required E26 A19","https://www.amazon.com/Compatible-Assistant-Equivalent-Dimmable-AISIRER/dp/B07Q3SGYCL/ref=sr_1_74?keywords=smart+light&qid=1581540256&sr=8-74","In Stock.","22."
"Philips Hue White LED Smart Light Bulb Starter Kit, 3 A19 Smart Bulbs & 1 Hue Hub, (Works with Alexa, Apple HomeKit, and Google Assistant)","https://www.amazon.com/Philips-Hue-Starter-HomeKit-Assistant/dp/B07QZHMM4P/ref=sr_1_75?keywords=smart+light&qid=1581540256&sr=8-75","In Stock.","65."
"Smart plug, Gosund Mini Wifi Outlet Works With Alexa, Google Home & IFTTT, No Hub Required, Remote Control Your Home Appliances from Anywhere, ETL Certified,Only Supports 2.4GHz Network(4 Pieces)","https://www.amazon.com/Gosund-Compatible-Required-appliances-Certified/dp/B079MFTYMV/ref=sr_1_76?keywords=smart+light&qid=1581540256&sr=8-76","In Stock.","29."
"Gosund Smart Light Switch, In-wall Wifi Smart Switch that Works with Alexa and Google Home, No Hub Required, Neutral Wire Needed, Single-Pole 15A, ETL and FCC Listed,4 Pack White","https://www.amazon.com/TanTan-Compatible-Single-Pole-required-Control/dp/B07MV1RTSV/ref=sr_1_77?keywords=smart+light&qid=1581540256&sr=8-77","In Stock.","59."
"Kasa Smart Light Bulb by TP-Link – WiFi Bulbs, No Hub Required, Old Version, Works with Alexa & Google (LB110)","https://www.amazon.com/TP-Link-LB110-Smart-Wi-Fi-Dimmable/dp/B01HXM8XE2/ref=sr_1_78?keywords=smart+light&qid=1581540256&sr=8-78","In Stock.","19."
"Smart LED Strip Lights Gosund Led Lights Works with Alexa and Google Home, 5050 RGB Color Changing Lights for Bedroom WiFi Remote Control Smart Tape Lights Sync with Music, 16 Million Colors, 16.4ft","https://www.amazon.com/Gosund-Changing-Bedroom-Control-Million/dp/B082119W8V/ref=sr_1_79?keywords=smart+light&qid=1581540256&sr=8-79","In Stock.","25."
"LE LampUX BR30 E26 WiFi Smart Light Bulbs Alexa Google Home Compatible, RGBW Color Changing/Tunable White (Warm to Daylight), 9W=65W, Dimmable Recessed Flood Can Light Bulbs, No Hub Required, 2 Packs","https://www.amazon.com/Compatible-Changing-Daylight-Dimmable-Recessed/dp/B07WQW3X5Q/ref=sr_1_80?keywords=smart+light&qid=1581540256&sr=8-80","In Stock.","27."
"Sunco Lighting 6 Pack WiFi LED Smart Bulb, BR30, 8W, Color Changing (RGB & CCT), Dimmable, 650 LM, Compatible with Amazon Alexa & Google Assistant - No Hub Required","https://www.amazon.com/Sunco-Lighting-Changing-Compatible-Assistant/dp/B07L53J864/ref=sr_1_81?keywords=smart+light&qid=1581540256&sr=8-81","In Stock.","64."
"Smart LED Light Bulb - No Hub Required, Smart Bulb Compatible with Alexa Echo Dot, Google Home Mini & Samsung, KHSUIN LED Smart Light Bulbs 7W (80W)","https://www.amazon.com/Smart-LED-Light-Bulb-Compatible/dp/B083FRDH5S/ref=sr_1_82?keywords=smart+light&qid=1581540256&sr=8-82","In Stock.","8."
"Treatlife Smart Dimmer Switch, Neutral Wire Needed, 2.4Ghz Wi-Fi Light Switch, Compatible with Alexa and Google Assistant, Schedule, Remote Control, Single Pole (1 PACK)","https://www.amazon.com/Treatlife-Neutral-Compatible-Assistant-Schedule/dp/B07YKGMXDM/ref=sr_1_83?keywords=smart+light&qid=1581540256&sr=8-83","In Stock.","23."
"TECKIN LED Smart Bulb Alexa Light Bulbs, RGB Dimmable Multicolor Bulbs E27 A19 60W Equivalent, Compatible with Alexa, Google Home and IFTTT, Cold and Warm Light 2800K-6000K, Wifi Control Bulb (4 Packs","https://www.amazon.com/TECKIN-Multicolor-Equivalent-Compatible-2800K-6000K/dp/B081JT9YNP/ref=sr_1_84?keywords=smart+light&qid=1581540256&sr=8-84","In Stock.","41."
"Smart Light Switch, Yeewell 2.4Ghz WiFi Light Switch with Timer and Remote Control, Works with Alexa, Google home and IFTTT, Neutral Wire Needed, Single Pole, No Hub Required, 2 gang","https://www.amazon.com/Switch-Yeewell-Control-Neutral-Required/dp/B07WR81VPC/ref=sr_1_85?keywords=smart+light&qid=1581540256&sr=8-85","In Stock.","36."
"LED Strip Lights, DAYBETTER 16.4 FT Smart Strip Lights 5050 Kit 150 LEDs Work with Alex Google Assistant WiFi Rope Light APP Controlled Smart Light Strip for Bedroom, Home, Ceiling, Cupboard Lighting","https://www.amazon.com/DAYBETTER-Assistant-Controlled-Cupboard-Lighting/dp/B07VQT4HR2/ref=sr_1_86?keywords=smart+light&qid=1581540256&sr=8-86","In Stock.","24."
"Smart Light Bulb BITIWEND WiFi Smart LED Bulb E26 RGBW Dimmable Smart Color Light Bulb with Remote Control 350lm Compatible with Alexa Google Home,No Hub Required,2 Pack LED Smart Bulbs","https://www.amazon.com/BITIWEND-Dimmable-Control-Compatible-Required/dp/B07YCFSSY9/ref=sr_1_87?keywords=smart+light&qid=1581540256&sr=8-87","In Stock.","19."
"Etekcity Smart Light, WiFi Dimmable Soft White LED Bulb Work with Alexa, Google Home and IFTTT, Easy Setup, Schedule, A19 E26, 60W Equivalent, 806LM, 2700K, No Hub Required, UL Listed","https://www.amazon.com/Etekcity-Smart-Light-WiFi-LED/dp/B07MVWJG3T/ref=sr_1_88?keywords=smart+light&qid=1581540256&sr=8-88","In Stock.","13."
"BATHEBRIGHT Smart WiFi LED Strip Lights Work with Alexa, Google Assistant 16.4ft 5050 RGB LED Strip Colors Changing Controlled by Phone APP LED Light Strip for Room, Kitchen, TV, Party Decoration","https://www.amazon.com/BATHEBRIGHT-Assistant-Changing-Controlled-Decoration/dp/B083DDJKMP/ref=sr_1_89?keywords=smart+light&qid=1581540256&sr=8-89","In Stock.","18."
"WiFi Smart Light Bulb(60W Equivalent) A19 E26 Multicolor LED Compatible with Alexa,Google Home and IFTTT, No Hub Required,RGB Hue Color Changing ＆ Soft White Light ＆ Daylight 3000K-6000K 7W 600LM","https://www.amazon.com/Equivalent-Multicolor-Compatible-Required-3000K-6000K/dp/B07VD9KC9S/ref=sr_1_90?keywords=smart+light&qid=1581540256&sr=8-90","In Stock.","10."
"True Blood: Season 2","https://www.amazon.com/Keep-This-Party-Going/dp/B003NVHI8U/ref=sr_1_91?keywords=smart+light&qid=1581540256&sr=8-91","","2."
"meross Smart Wi-Fi LED Bulb, Multiple Colors, RGB, 810 Lumens 60W Equivalent, Compatible with Alexa, Google Assistant and IFTTT, E26 Light Bulb, No Hub Required - Upgrade Versions (4 Pack)","https://www.amazon.com/meross-Multiple-Equivalent-Compatible-Assistant/dp/B07WNT93HX/ref=sr_1_92?keywords=smart+light&qid=1581540256&sr=8-92","In Stock.","38."
"Smart Switch, Gosund Smart Switch Works with Alexa, Google home and IFTTT, with Remote Control and Schedule, Neutral Wire Required, Single-Pole, No Hub required, ETL and FCC listed","https://www.amazon.com/Gosund-Control-required-installation-listed/dp/B07DQDNBZ2/ref=sr_1_93?keywords=smart+light&qid=1581540256&sr=8-93","In Stock.","17."
"Smart Dimmer Switch,Neutral Wire Required,Treatlife WiFi Light Switch for Dimmable LED, Halogen and Incandescent Bulbs, Compatible with Alexa, Google Assistant, Remote Control, Single-Pole(1 Pack)","https://www.amazon.com/Upgraded-Separable-Replaceable-Function-Dressing/dp/B07CKNWGN4/ref=sr_1_94?keywords=smart+light&qid=1581540256&sr=8-94","In Stock.","24."
"NiteBird Smart LED Strip Lights Works with Alexa Google Home, 16.4ft 5050 RGB WiFi Dimmable Flexible Strip Tape Light, Sync to Music, Waterproof, No Hub Required for Room Kitchen Home Bar TV Party","https://www.amazon.com/NiteBird-Dimmable-Flexible-Waterproof-Required/dp/B081F46JSY/ref=sr_1_95?keywords=smart+light&qid=1581540256&sr=8-95","In Stock.","25."
"Sengled Smart LED Soft White A19 Light Bulb, Hub Required, 2700K 60W Equivalent, Works with Alexa, Google Assistant & SmartThings, 4 Pack","https://www.amazon.com/Sengled-Required-Equivalent-Assistant-SmartThings/dp/B072M5RT6L/ref=sr_1_96?keywords=smart+light&qid=1581540256&sr=8-96","In Stock.","38."
"GE 46201 Enbrighten Z-Wave Plus Smart Light Switch with QuickFit and SimpleWire, Works with Alexa, Google Assistant, Zwave Hub Required, Repeater/Range Extender, 3-Way 2nd Gen, White & Light Almond","https://www.amazon.com/GE-Enbrighten-SimpleWire-SmartThings-46201/dp/B07RRBT6W5/ref=sr_1_97?keywords=smart+light&qid=1581540844&sr=8-97","In Stock.","39."
"Smart LED WiFi Light Bulb, LOHAS LED 2700K-6000K Daylight RGB A19 Bulb Color Changing 60W Equivalent, Dimmable LED E26 Bulbs Works with Alexa, Google Home, Siri (No Hub Required), UL Listed, 4 Pack","https://www.amazon.com/LED-LOHAS-2700K-6000K-Daylight-Equivalent/dp/B07T7W7ZMW/ref=sr_1_98?keywords=smart+light&qid=1581540844&sr=8-98","In Stock.","39."
"Philips Hue Smart Button for Hue Smart Lights, Smart Light Control, (Hue Hub required)","https://www.amazon.com/Philips-Hue-Button-Control-required/dp/B07XV1HRVZ/ref=sr_1_99?keywords=smart+light&qid=1581540844&sr=8-99","In Stock.","19."
"Sengled Smart LED Soft White A19 Light Bulb, Hub Required, 2700K 60W Equivalent, Works with Alexa, Google Assistant & SmartThings, 1 Pack","https://www.amazon.com/Sengled-E11-G13W-Equivalent-Assistant-SmartThings/dp/B01N7I4X94/ref=sr_1_100?keywords=smart+light&qid=1581540844&sr=8-100","In Stock.","9."
"Hedynshine 33 Ft LED Strip Lights, Waterproof Tape Lights with 300 LEDs SMD 5050 RGB Rope Lights, Sync to Music, 24 Key Remote Control and Compatible with Alexa/Google Home,WiFi LED Lights Strip","https://www.amazon.com/Hedynshine-Lights-Waterproof-Control-Compatible/dp/B07KVW8MZY/ref=sr_1_101?keywords=smart+light&qid=1581540844&sr=8-101","In Stock.","38."
"Philips Hue Single Premium A19 Smart Bulb, 16 million colors, for most lamps & overhead lights (Hue Hub Required, Works with Alexa), Old Version","https://www.amazon.com/Philips-464487-Equivalent-Compatible-Assistant/dp/B01M9AU8MB/ref=sr_1_102?keywords=smart+light&qid=1581540844&sr=8-102","","49."
"WiFi Smart Light Bulb Works with Alexa Google Home & IFTTT, Gosund 800LM A19 E26 LED Smart Bulb 2700K RGB Color Changing Dimmable, No Hub Required, Soft White (4 Pack)","https://www.amazon.com/Google-Gosund-Changing-Dimmable-Required/dp/B07PMWX4RB/ref=sr_1_103?keywords=smart+light&qid=1581540844&sr=8-103","In Stock.","37."
"CT Capetronix Smart WiFi LED Light Bulb - A19 E26 RGB+CCT Multicolor Dimmable 2700K-7000K Light Bulbs Compatible with Alexa Echo Google Home Siri (No Hub Required), 8W (60W Equivalent), 2 Pack","https://www.amazon.com/CT-Capetronix-Smart-WiFi-Light/dp/B082B21F2Z/ref=sr_1_104?keywords=smart+light&qid=1581540844&sr=8-104","In Stock.","21."
"NiteBird Smart Light Bulb Works with Alexa Google Home A19 E26 WiFi Multicolor Dimmable LED Lights Bulbs, 2700k + RGB, 75W Equivalent, No Hub Required, 4 Pack","https://www.amazon.com/NiteBird-Multicolor-Dimmable-Equivalent-Required/dp/B0824HJ4NN/ref=sr_1_105?keywords=smart+light&qid=1581540844&sr=8-105","In Stock.","39."
"Sylvania Lightify 65W LED Smart Home 2700-6500K Color/White Light Bulb (2 Pack) (5 Pack)","https://www.amazon.com/Sylvania-Lightify-Smart-2700-6500K-Color/dp/B07H9HKLFR/ref=sr_1_106?keywords=smart+light&qid=1581540844&sr=8-106","In Stock.","114."
"Smart WiFi LED Light Bulbs Compatible with Alexa Google Home, Siri and Echo(No Hub Required), TIKLOK RGBCW Multi-Color, Warm to Cool White Dimmable 7.5W E26 A19 Color Changing Bulb(4 Pack)","https://www.amazon.com/Compatible-Required-Multi-Color-Dimmable-Changing/dp/B07R9ZBQZK/ref=sr_1_107?keywords=smart+light&qid=1581540844&sr=8-107","In Stock.","35."
"MagicLight Smart WiFi Light Bulb, No Hub Required, Dimmable Multicolor A19 E26 7W (60w Equivalent) Smart Bulb, Compatible with Alexa Google Home Siri IFTTT (3 Pack)","https://www.amazon.com/MagicLight-Required-Multicolor-Equivalent-Compatible/dp/B07VLBCGP2/ref=sr_1_108?keywords=smart+light&qid=1581540844&sr=8-108","In Stock.","24."
"NiteBird Smart LED Strip Lights Works with Alexa Google Home, 16.4ft 5050 RGB WiFi Dimmable Flexible Strip Tape Light, Sync to Music, Waterproof, No Hub Required for Room Kitchen Home Bar TV Party","https://www.amazon.com/NiteBird-Dimmable-Flexible-Waterproof-Required/dp/B081F46JSY/ref=sr_1_109?keywords=smart+light&qid=1581540844&sr=8-109","In Stock.","25."
"1080P Smart Bulb Security Camera, 360 Degree Panoramic 2.4G WiFi Camera Indoor/Outdoor Wireless Video Surveillance IP Camera for Baby/Pet Monitor with Night Vision, Two Way Audio, Montion Detection","https://www.amazon.com/Security-Panoramic-Wireless-Surveillance-Detection/dp/B0831KQ6WJ/ref=sr_1_110?keywords=smart+light&qid=1581540844&sr=8-110","Available from these sellers.",""
"Smart WiFi Alexa Light Bulb, Dimmable Multicolor E26 A19 7W (60w Equivalent) Magic Hue LED Light Bulb, Compatible with Alexa Google Home Siri IFTTT (4 Pack)","https://www.amazon.com/Multicolor-Equivalent-Magic-Hue-Compatible/dp/B07VKJXDG9/ref=sr_1_111?keywords=smart+light&qid=1581540844&sr=8-111","In Stock.","32."
"Novostella 2 Pack 20W Smart LED Flood Lights, RGBCW, 2700K-6500K, 2000LM, WiFi Outdoor Dimmable Color Changing Stage Light, IP66 Waterproof, Multicolor Wall Washer Light, Work with Alexa","https://www.amazon.com/Novostella-2700K-6500K-Dimmable-Waterproof-Multicolor/dp/B07VH1VHYL/ref=sr_1_112?keywords=smart+light&qid=1581540844&sr=8-112","In Stock.","89."
"GE Enbrighten Z-Wave Plus Smart Light Dimmer with QuickFit and SimpleWire, Works with Alexa, Google Assistant, SmartThings, Wink, Zwave Hub Required, Repeater/Range Extender, 3-Way Compatible, 46203","https://www.amazon.com/GE-Enbrighten-SimpleWire-SmartThings-46203/dp/B07RRD92T8/ref=sr_1_113?keywords=smart+light&qid=1581540844&sr=8-113","In Stock.","44."
"MagicLight WiFi Bulb No Hub Required, Dimmable Multicolor E26 A19 7W (60w Equivalent) Color Changing LED Smart Light, Compatible with Alexa Google Home Siri IFTTT (4 Pack)","https://www.amazon.com/MagicLight-Required-Multicolor-Equivalent-Compatible/dp/B07VQLZBNW/ref=sr_1_114?keywords=smart+light&qid=1581540844&smid=AEK05O6KNHXR9&sr=8-114","In Stock.","32."
"Treatlife Smart Dimmer Switch, Neutral Wire Needed, 2.4Ghz Wi-Fi Light Switch, Compatible with Alexa and Google Assistant, Schedule, Remote Control, Single Pole (4 PACK)","https://www.amazon.com/Treatlife-Neutral-Compatible-Assistant-Schedule/dp/B07YKFSWJN/ref=sr_1_115?keywords=smart+light&qid=1581540844&sr=8-115","In Stock.","84."
"WiFi Smart LED Light Bulb, A19 E26 RGB+W(6500K) Color Changing Light Bulbs Compatible with Alexa, Google Home Assistant and IFTTT, No Hub Required 7.5W (60W Equivalent)-2 Pack","https://www.amazon.com/Changing-Compatible-Assistant-Required-Equivalent/dp/B083CYZNYJ/ref=sr_1_116?keywords=smart+light&qid=1581540844&sr=8-116","In Stock.","19."
"Novostella 13W 1300LM Smart LED Light Bulbs, WiFi RGBCW 2700K-6500K Dimmable Multicolor Bulb, A19 E26, 120W Equivalent Color Changing Bulb, No Hub Required, Compatible with Alexa, 3 Pack","https://www.amazon.com/Novostella-2700K-6500K-Multicolor-Equivalent-Compatible/dp/B07VLFFX9D/ref=sr_1_117?keywords=smart+light&qid=1581540844&sr=8-117","In Stock.","69."
"LED Night Light Plug in, Super Smart Dusk to Dawn Sensor, Automatic Night Lights Suitable for Bedroom, Bathroom, Toilet,Stairs,Kitchen,Hallway,Kids,Adults,Compact Nightlight, (Warm White, 4 Pack)","https://www.amazon.com/Automatic-Suitable-Bedroom-Bathroom-Nightlight/dp/B083Q333Z7/ref=sr_1_118?keywords=smart+light&qid=1581540844&sr=8-118","In Stock.","13."
"LED WiFi Smart Light Bulb, E26 WiFi Light Bulb Compatible with Alexa Google Home and IFTTT, RGBCW Color Changing, Cool White and Warm White Dimmable, No Hub Required, A19 60W Equivalent (2 Pack)","https://www.amazon.com/LEGELITE-Dimmable-Changing-Required-Equivalent/dp/B07GR4SN63/ref=sr_1_119?keywords=smart+light&qid=1581540844&sr=8-119","In Stock.","22."
"Sinvitron Led Wifi Smart Light Bulb E26 9W, Work with Amazon Alexa, Echo, Google Home and IFTTT, No Hub Required, 900lm, A19 85W Equivalent, RGBCW Multi-color Changing - 2 Pack","https://www.amazon.com/Sinvitron-Required-Equivalent-Multi-color-Changing/dp/B07RSRX1YR/ref=sr_1_120?keywords=smart+light&qid=1581540844&sr=8-120","In Stock.","24."
"E12 Smart Light Bulbs, LOHAS LED WiFi Light Bulbs, 9W Equivalent 60W, Dimmable Daylight 5000K A19 LED Bulbs Candelabra Base, Compatible with Alexa, Google Home Assistant, No Hub Required, 750LM, 4Pack","https://www.amazon.com/LOHAS-LED-Equivalent-Candelabra-Compatible/dp/B07WSBJQN9/ref=sr_1_121?keywords=smart+light&qid=1581540844&sr=8-121","In Stock.","36."
"Smart WiFi LED Light Bulb Dimmable 9W 1000Lm, SLITINTO E26 Multicolor Light Bulb Compatible with Alexa, Echo, Google Home and IFTTT(No Hub Required), A19 90W Equivalent RGB Color Changing Bulb-2 Pack","https://www.amazon.com/Dimmable-SLITINTO-Multicolor-Compatible-Equivalent/dp/B07SPZ8MBD/ref=sr_1_122?keywords=smart+light&qid=1581540844&sr=8-122","In Stock.","24."
"DragonPad 10Pcs LED Smart Touch Induction Cabinet Light Cupboard Inner Hinge Lamp Sensor Light Night Light for Closet Wardrobe White Light 10pcs with Battery","https://www.amazon.com/DragonPad-Induction-Cabinet-Cupboard-Wardrobe/dp/B084KRYB4F/ref=sr_1_123?keywords=smart+light&qid=1581540844&sr=8-123","In stock.","9."
"Philips Hue Play White & Color Smart Light, 2 Pack Base kit, Hub Required/Power Supply Included (Works with Amazon Alexa, Apple Homekit & Google Home)","https://www.amazon.com/Philips-White-Color-Ambiance-Double/dp/B07GXB3S7Z/ref=sr_1_124?keywords=smart+light&qid=1581540844&sr=8-124","In Stock.","129."
"Alexa Light Switch, Double Smart Wifi Light Switches, Smart Switch 2 Gang Works with Google Assistant and IFTTT(Two separate switches with one wall plate)","https://www.amazon.com/Switch-Double-Switches-Google-Assistant/dp/B07L755WM6/ref=sr_1_125?keywords=smart+light&qid=1581540844&sr=8-125","In Stock.","39."
"Barrina Smart Light Bulb Works with Alexa, Siri, Echo, Google Home and IFTTT (No Hub Required), 9W 2.4G E26, Dimmable, WiFi Multicolor Light Bulb, 2800K to 6500K, RGB, Smart LED Bulb (6 Pack)","https://www.amazon.com/Barrina-Changing-Compatible-Assistant-Required/dp/B07SPJJ2CM/ref=sr_1_126?keywords=smart+light&qid=1581540844&sr=8-126","In Stock.","49."
"AMBOTHER LED Strip Lights 32.8-feet Wireless Smart Phone APP Remote Controller 300 LEDs Color Changing Kit Work with Alexa Google Assistant Music Sync Neon RGB Rope Lights","https://www.amazon.com/AMBOTHER-32-8-feet-Wireless-Controller-Assistant/dp/B07VZM3BJZ/ref=sr_1_127?keywords=smart+light&qid=1581540844&sr=8-127","In Stock.","36."
"LoraTap Smart WiFi Bulb Socket E26 2 Pack Wi-Fi LED Light Bulb Lamp Timer Holder Adapter, Voice Control with Amazon Alexa and Google Home Assistant, App Control from Anywhere by Phone, 30W Max.","https://www.amazon.com/LoraTap-Adapter-Control-Assistant-Anywhere/dp/B07PMJ6RM6/ref=sr_1_128?keywords=smart+light&qid=1581540844&sr=8-128","In Stock.","29."
"Smart WiFi Light Bulbs - A19 E26 Dimmable LED Lights by Jeeo - Soft White 60W Equivalent, Compatible with Alexa/Google/IFTTT,2.4GHz Only (4 Pack)","https://www.amazon.com/Smart-WiFi-Light-Bulbs-Equivalent/dp/B081GHBXDF/ref=sr_1_129?keywords=smart+light&qid=1581540844&sr=8-129","","29."
"Harmonic Smart Light Bulb WiFi Multicolor LED Light Bulb Compatible with Alexa, Google Home Assistant, A19 E26 RGB Color Changing Bulb, 8W (60w Equivalent), No Hub Required (2 Pack)","https://www.amazon.com/Harmonic-Multicolor-Compatible-Assistant-Equivalent/dp/B07XK7FWHW/ref=sr_1_130?keywords=smart+light&qid=1581540844&sr=8-130","In Stock.","22."
"Feit Electric BR30/RGBW/CA/AG WiFi Changing and Dimmable, No Hub Required, Alexa or Google Assistant BR30 Smart LED Light Bulb, 65W, Multi-Color RGBW","https://www.amazon.com/Electric-BR30-RGBW-CA-AG/dp/B07GFV1Y9C/ref=sr_1_131?keywords=smart+light&qid=1581540844&sr=8-131","In Stock.","17."
"LIFX A19 Mini Wi-Fi Smart Led Light Bulb (Latest Generation), Dimmable, Warm White, No Hub Required, Works with Amazon Alexa, Apple HomeKit, Google Assistant and Microsoft Cortana","https://www.amazon.com/LIFX-L3A19MW06E26-Mini-White-Light/dp/B07FKJ4LDX/ref=sr_1_132?keywords=smart+light&qid=1581540844&sr=8-132","In Stock.","19."
"Gosund Smart Switch, Smart Light Switch Works with Alexa, Google home and IFTTT, with Remote Control and Schedule, Needs Neutral Wire, Single-Pole, No Hub required, ETL and FCC listed (2 Pack)","https://www.amazon.com/Gosund-Control-required-installation-listed/dp/B07DQG4K52/ref=sr_1_133?keywords=smart+light&qid=1581540844&sr=8-133","In Stock.","29."
"TP-LINK HS200P3 Kasa Smart WiFi Switch (3-Pack) Control Lighting from Anywhere, Easy In-Wall Installation (Single-Pole Only), No Hub Required, Works With Alexa and Google Assistant, White","https://www.amazon.com/TP-LINK-HS200P3-Installation-Single-Pole-Assistant/dp/B07HGW8N7R/ref=sr_1_134?keywords=smart+light&qid=1581540844&sr=8-134","In Stock.","68."
"Smart LED Light Bulbs, LampUX WiFi Bulbs, Works with Alexa and Google Home, Color Changing Light Bulbs, Dimmable with App, A19 E26, 60 Watt Equivalent, No Hub Required (Pack of 2)","https://www.amazon.com/LampUX-Changing-Dimmable-Equivalent-Required/dp/B07PY5ZFM7/ref=sr_1_135?keywords=smart+light&qid=1581540844&sr=8-135","In Stock.","20."
"LED Strip Lights 32.8ft, Smart APP Control 5050 RGB Color Changing LED Light Strip Kit Music Sync, 16 Million Colors Tape Lights with Remote for Bedroom, Room, Party and Home Decoration","https://www.amazon.com/Control-Changing-Million-Bedroom-Decoration/dp/B0819N1MTZ/ref=sr_1_136?keywords=smart+light&qid=1581540844&sr=8-136","In Stock.","35."
"LED Strip Lights Smart WiFi 32.8ft Waterproof RGB 5050LEDs Color Changing Light Strips Work with Alexa, Google Assistant, App and Remote Controlled, 12V Tape Light for Bedroom, Home Decorations","https://www.amazon.com/Waterproof-5050LEDs-Assistant-Controlled-Decorations/dp/B0817FPD2N/ref=sr_1_137?keywords=smart+light&qid=1581540844&sr=8-137","In Stock.","39."
"The Alchemist, 25th Anniversary: A Fable About Following Your Dream","https://www.amazon.com/Alchemist-Paulo-Coelho/dp/0062315005/ref=sr_1_138?keywords=smart+light&qid=1581540844&sr=8-138","In Stock.","10."
"IESTARING Dimmable LED Flush Mount Ceiling Light - 12W (120W Equivalent) WiFi Smart 10"" Round Surface Mount Light Fixture for Bathroom/Bedroom/Dining Room, Compatible with Amazon Alexa (10"" 12W)","https://www.amazon.com/IESTARING-Dimmable-Flush-Mount-Ceiling/dp/B081J6KDZ9/ref=sr_1_139?keywords=smart+light&qid=1581540844&sr=8-139","","39."
"LOHAS Smart LED Light Bulb, A19 Daylight 5000K Dimmable LED Bulb, 50W Equivalent 8W WiFi Light Bulb E26 Base, 720LM APP Control, No Hub Required, Compatible with Amazon Alexa, Google Home, 4 Pack","https://www.amazon.com/LOHAS-LED-Daylight-Equivalent-Compatible/dp/B07Z5Y9X9L/ref=sr_1_140?keywords=smart+light&qid=1581540844&sr=8-140","In Stock.","31."
"OHLUX BR30 Smart Light Bulb Works with Alexa & Google (No Hub Required), Color Changing Wi-Fi R30 Flood LED Lamp Bulb, 10W(100W Equivalent), E26, 2700K-6500K Dimmable, IFTTT Siri Compatible, 4-Pack","https://www.amazon.com/OHLUX-Required-Equivalent-2700K-6500K-Compatible/dp/B0838SW8V2/ref=sr_1_141?keywords=smart+light&qid=1581540844&sr=8-141","In Stock.","54."
"Geeni GN-BW912-999 LUX Smart Floodlight, White – Outdoor 2700K-6500K Dimmable LED Bulb, E26, PAR38, 11W, 1000 Lumens – No Hub Works with Amazon Alexa, Google Assistant, Requires 2.4 GHz Wi-Fi","https://www.amazon.com/Geeni-GN-BW912-999-Smart-Floodlight-White/dp/B07XPLCZ1K/ref=sr_1_142?keywords=smart+light&qid=1581540844&sr=8-142","","24."
"Sunco Lighting 4 Pack WiFi LED Smart Bulb, B11 Candelabra, 4.5W, E12 Base, Color Changing (RGB & CCT), Dimmable, Compatible with Amazon Alexa & Google Assistant - No Hub Required","https://www.amazon.com/Sunco-Lighting-Candelabra-Compatible-Assistant/dp/B07NVY25SX/ref=sr_1_143?keywords=smart+light&qid=1581540844&sr=8-143","In Stock.","39."
"Aigital WiFi Smart Light Bulb,RGB LED Color Changing Dimmable Smartphone App Controlled Daylight & Night Light,Color Bulbs Compatible with Alexa and Google Assistant,10W Home Lighting,No Hub Required","https://www.amazon.com/Aigital-Smartphone-Controlled-Compatible-Assistant/dp/B07PVDQJ9S/ref=sr_1_144?keywords=smart+light&qid=1581540844&sr=8-144","In Stock.","16."
"Smart Light Bulbs with White Light 2700k-6000k - 6W LED Candalabra Bulb E12 Base - 60W Equivalent - WiFi Multicolor Light Bulb - B11 RGB Color Changing Bulb, Works with Google Assistant IFTTT, 3 Pack","https://www.amazon.com/Smart-Light-Bulbs-White-2700k-6000k/dp/B07YC9TG4L/ref=sr_1_145?keywords=smart+light&qid=1581541432&sr=8-145","In Stock.","37."
"Vaticas 1 100-240V Smart WiFi Light Switch,Compatible with Alexa,Google Home and IFTTT, with Remote Control and Timer,No Hub Required Applicable to Family and Office(3 Gang White)","https://www.amazon.com/Smart-Light-Switch-Vaticas-Compatible/dp/B07Q7PWJ77/ref=sr_1_146?keywords=smart+light&qid=1581541432&sr=8-146","In Stock.","55."
"Smart Light Bulb with Soft White Light 2800k-6200k + RGBW, TECKIN A19 WiFi Multicolor LED Bulb Compatible with Phone, Google Home, 8w (60w Equivalent),4 Pack","https://www.amazon.com/2800k-6200k-TECKIN-Multicolor-Compatible-Equivalent/dp/B07VPGNGF2/ref=sr_1_147?keywords=smart+light&qid=1581541432&sr=8-147","In Stock.","39."
"3 Way Smart Light Switch (Only One Needed), Meross WiFi Light Switch Compatible with Alexa, Google Assistant and IFTTT, LED Smart Switch with Voice Control, Schedule, Remote Control, ETL/FCC Listed","https://www.amazon.com/Switch-Compatible-Assistant-Control-Schedule/dp/B07WSZTYCR/ref=sr_1_148?keywords=smart+light&qid=1581541432&sr=8-148","In Stock.","26."
"MOES WiFi Smart Light Switch,2 Gang No Screw Panel Smart Life/Tuya App Wireless Remote Control Wall Switch Timer for Lights,Compatible with Alexa,Google Home,No Hub required","https://www.amazon.com/MOES-Wireless-Control-Compatible-required/dp/B07WHWR8CV/ref=sr_1_149?keywords=smart+light&qid=1581541432&sr=8-149","In Stock.","39."
"Aoycocr Smart Light Switch 2-Pack - Neutral Wire Needed, Single Pole, 2.4Ghz Wi-Fi Light Switch 110-240V, Easy to Install, Compatible with Alexa, Google Assistant, Schedule, Remote Control, FCC Listed","https://www.amazon.com/Aoycocr-Smart-Light-Switch-2-Pack/dp/B07Y8CQ6BG/ref=sr_1_150?keywords=smart+light&qid=1581541432&sr=8-150","In Stock.","28."
"Sengled Smartsense Flood Light with Motion Sensor & Daylight Sensor, Smart LED Light Bulb PAR38, Dusk to Dawn Bulb, Waterproof 5000K for Indoor and Outdoor Use (3rd Gen), 2 Pack","https://www.amazon.com/Sengled-Smartsense-Daylight-Waterproof-Outdoor/dp/B07QH59F1H/ref=sr_1_151?keywords=smart+light&qid=1581541432&sr=8-151","In Stock.","43."
"Smart Dimmer Switch, Gosund Smart WiFi Light Switch Compatible with Alexa & Google Home, with Remote Control & Schedule, Neutral Wire Needed, Single-Pole, No Hub Required, Easy Installation (2 Pack)","https://www.amazon.com/Gosund-Compatible-Schedule-Single-Pole-Installation/dp/B07X1QRC23/ref=sr_1_152?keywords=smart+light&qid=1581541432&sr=8-152","In Stock.","39."
"Smart LED Strip Lights Works with Alexa, Govee APP Control Waterproof 16.4ft RGB LED Light Strip WiFi Sync with Music, 16 Million Colors 5050 LED Lights for Home, Kitchen, TV, Party","https://www.amazon.com/Waterproof-Wireless-Controlled-Assistance-Control/dp/B07HRHDV1T/ref=sr_1_153?keywords=smart+light&qid=1581541432&sr=8-153","In Stock.","28."
"AISIRER Smart Light Bulb WiFi LED Light Bulbs 9W 806LM Compatible with Amazon Alexa Echo Dot Google Home Assistant and IFTTT E26 Dimmable Warm Light 2700K No Hub Required A19 (4 Pack)","https://www.amazon.com/Compatible-Assistant-Equivalent-Dimmable-AISIRER/dp/B07RHMQ2DD/ref=sr_1_154?keywords=smart+light&qid=1581541432&sr=8-154","In Stock.","41."
"Smart WiFi Fan Switch Ceiling Fan and Light Remote Control Kit, WiFi Fan Controller Compatible with Alexa Google, Phone APP Control, No Hub Required, Universal Ceiling Fan Light Remote Control","https://www.amazon.com/Ceiling-Controller-Compatible-Required-Universal/dp/B07Z948VY4/ref=sr_1_155?keywords=smart+light&qid=1581541432&sr=8-155","In Stock.","27."
"Sunco Lighting 2 Pack WiFi LED Smart Bulb, G25, 5W, Color Changing (RGB & CCT), Dimmable, Compatible with Amazon Alexa & Google Assistant - No Hub Required","https://www.amazon.com/Sunco-Lighting-Changing-Compatible-Assistant/dp/B07NVY18WF/ref=sr_1_156?keywords=smart+light&qid=1581541432&sr=8-156","In Stock.","24."
"Alexa Certified LED Edison Smart Light Bulb 2 Pack of Alexa Light Bulbs Vintage E26 Base Antique Color Adjustable 2200K to 3000K Dimmable WiFi No Hub Required","https://www.amazon.com/Pack-Smart-LED-Edison-Bulbs/dp/B07P8WZ521/ref=sr_1_157?keywords=smart+light&qid=1581541432&sr=8-157","","24."
"Smart Light Bulb, Daylight Multicolor Led Bulbs A19 E26 750 lm Work with Alexa, Echo, Google Home and IFTTT(No Hub Required) RGB Color Changing Dimmable, UL Listed, 4 Pack","https://www.amazon.com/Daylight-Multicolor-Required-Changing-Dimmable/dp/B07W4C33BT/ref=sr_1_158?keywords=smart+light&qid=1581541432&sr=8-158","In Stock.","41."
"DORESshop Wi-Fi Smart LED Light Bulb, E26 Dimmable 10W(75W Equivalent) Vintage Edison WiFi LED Edison Bulb, ST64 Antique LED Filament Light Bulb, Work with Alexa and Google Assistant, 2 Pack","https://www.amazon.com/DORESshop-Dimmable-Equivalent-Filament-Assistant/dp/B07SG6B1J5/ref=sr_1_159?keywords=smart+light&qid=1581541432&sr=8-159","In Stock.","27."
"GE Lighting 93105377 C by GE LED A19 Full Color, Works with Alexa and Google Assistant, WiFi Enabled, 2-Pack Smart Light Bulb","https://www.amazon.com/GE-Lighting-93105377-Full-Color/dp/B07NWD6C7K/ref=sr_1_160?keywords=smart+light&qid=1581541432&sr=8-160","In Stock.","54."
"The Spy Who Dumped Me","https://www.amazon.com/Spy-Who-Dumped-Me/dp/B07G4GKBDD/ref=sr_1_161?keywords=smart+light&qid=1581541432&sr=8-161","","7."
"Aigital Smart WiFi Light Bulb, LED WiFi Color Changing Dimmable Bulb Cool&Warm Multicolor Bulbs Work with Alexa, 9W No Hub Required(Remote&Voice Control, Memory Function, DIY Scene Mode)-2 Pack","https://www.amazon.com/Aigital-Changing-Dimmable-Multicolor-Required/dp/B07ZCSRSCQ/ref=sr_1_162?keywords=smart+light&qid=1581541432&sr=8-162","In Stock.","24."
"Smart Light Bulb, LOHAS BR20 LED WiFi Bulb 60 Watt Equivalent, 2700K-6000K Daylight RGB Coloring Changing Lights, Dimmable LED E26 Bulbs Work with Alexa, Google Assistant, Siri, No Hub Required, 4Pack","https://www.amazon.com/LOHAS-LED-Equivalent-2700K-6000K-Assistant/dp/B07ZTC7MT6/ref=sr_1_163?keywords=smart+light&qid=1581541432&sr=8-163","In Stock.","43."
"Outdoor Dimmer, Homder Smart Plug for String Lights,Smart APP WiFi Dimmer Switch Compatible with Alexa Google Home-350W Max Power/IP44 Waterproof/Stepless Dimming for Dimmable LED String Lights","https://www.amazon.com/Homder-Compatible-Home-350W-Waterproof-Stepless/dp/B07XZCZW9P/ref=sr_1_164?keywords=smart+light&qid=1581541432&sr=8-164","In Stock.","35."
"LED Strip Lights, 32.8ft RGB Color Changing Rope Lights 300 LEDs SMD5050 Light Strips Voice and Music Sync Smart LED Lights for Home, TV and Party Decoration-Remote Control + Bluetooth APP Controlled","https://www.amazon.com/Changing-SMD5050-Decoration-Remote-Bluetooth-Controlled/dp/B081MWWR8J/ref=sr_1_165?keywords=smart+light&qid=1581541432&sr=8-165","In Stock.","31."
"Bluetooth Music Strip Lights 33Feet, Hedynshine Strip Lights Sync to Music SMD 5050 300pcs LED Chips, RGB 12V Rope Lights, Smart Phone App Controled color changing light strips","https://www.amazon.com/HEDYNSHINE-Adjustable-Spotlight-Wireless-Waterproof/dp/B07QC2F4MK/ref=sr_1_166?keywords=smart+light&qid=1581541432&sr=8-166","In Stock.","37."
"Onforu 3 Pack Smart Light Bulb, RGBW LED WiFi Light Bulbs, Work with Alexa and Google Home Assistant, No Hub Required, A19 E26 Multicolor Bulb","https://www.amazon.com/Onforu-Google-Assistant-Required-Multicolor/dp/B07W45JHND/ref=sr_1_167?keywords=smart+light&qid=1581541432&sr=8-167","In Stock.","29."
"Sengled Smart LED Daylight Extra Bright A19 Light Bulb, Hub Required, 5000K 100W Equivalent, Works with Alexa, Google Assistant & SmartThings, 1 Pack","https://www.amazon.com/Sengled-Daylight-Equivalent-Assistant-SmartThings/dp/B07QDVC69G/ref=sr_1_168?keywords=smart+light&qid=1581541432&sr=8-168","In Stock.","24."
"Leviton DW15S-1BZ Decora Smart Wi-Fi 15A Universal LED/Incandescent Switch, Works with Amazon Alexa, No Hub Required","https://www.amazon.com/Leviton-DW15S-1BZ-Universal-Incandescent-Required/dp/B01MU9SH77/ref=sr_1_169?keywords=smart+light&qid=1581541432&sr=8-169","In Stock.","39."
"Smart Dimmer Switch,Neutral Wire Required,Treatlife WiFi Light Switch for Dimmable LED, Halogen and Incandescent Bulbs, Compatible with Alexa, Google Assistant, Remote Control, Single-Pole(4 Pack)","https://www.amazon.com/Treatlife-Incandescent-Compatible-Assistant-Single-Pole/dp/B07PJTLB7Z/ref=sr_1_170?keywords=smart+light&qid=1581541432&sr=8-170","In Stock.","86."
"BRTLX Smart Light Bulb, RGB Dimmable Wi-Fi LED Bulb, 9W 800LM,Free APP and Voice Control, Compatible with Amazon Alexa and Google Assistant,No Hub Required,A60 E26 Multicolored Smart Bulbs (4 Pack)","https://www.amazon.com/BRTLX-Dimmable-Compatible-Assistant-Multicolored/dp/B07JFVQ6B7/ref=sr_1_171?keywords=smart+light&qid=1581541432&sr=8-171","In Stock.","35."
"Philips Hue White Outdoor PAR38 13W Smart Bulbs (Philips Hue Hub required), 2 White PAR38 LED Smart Bulbs, Works with Alexa, Apple HomeKit and Google Assistant","https://www.amazon.com/Philips-Outdoor-Hue-PAR-38-476820/dp/B07D9XL641/ref=sr_1_172?keywords=smart+light&qid=1581541432&sr=8-172","In Stock.","49."
"Sengled Smart LED Light Bulb (Hub Required), Smart Light Bulb Soft White 2700K 65W Equivalent BR30 Dimmable, Compatible with Alexa/Echo Plus/SmartThings/Google Assistant/IFTTT, 6 Pack","https://www.amazon.com/Sengled-Equivalent-Compatible-SmartThings-Assistant/dp/B07XJTXCKF/ref=sr_1_173?keywords=smart+light&qid=1581541432&sr=8-173","In Stock.","69."
"Philips Hue Econic Smart Outdoor White & Color Wall Lantern, Down (Hue Hub Required, Smart Light Works with Alexa, Apple Homekit & Google Assistant)","https://www.amazon.com/Philips-Hue-1744030V7-Ambiance-Lantern/dp/B07NDHCV36/ref=sr_1_174?keywords=smart+light&qid=1581541432&sr=8-174","In Stock.",""
"SYLVANIA SMART+ ZigBee Full Color Accent Light Starter Kit, Works with SmartThings and Amazon Echo Plus","https://www.amazon.com/SYLVANIA-ZigBee-Accent-Starter-SmartThings/dp/B07FK5FC64/ref=sr_1_175?keywords=smart+light&qid=1581541432&sr=8-175","In Stock.","21."
"LE LampUX GU10 WiFi Smart Light Bulbs Compatible with Alexa Google Home, Tunable White Warm to Daylight, App Control Dimmable GU10 LED Track Light Bulb 50W Halogen Equiv, No Hub Required, 2 Pack","https://www.amazon.com/Compatible-Tunable-Daylight-Dimmable-Required/dp/B07P5Y4BFL/ref=sr_1_176?keywords=smart+light&qid=1581541432&sr=8-176","In Stock.","21."
"JOMARTO Smart WiFi LED Light Bulb, 2 Pack Compatible with Alexa/Google Home, 60W Equivalent Color Changing Multicolor Dimmable Light Bulb 900LM Remote Control No Hub Required (Two Pack)","https://www.amazon.com/JOMARTO-Compatible-Equivalent-Changing-Multicolor/dp/B07RYMJPMV/ref=sr_1_177?keywords=smart+light&qid=1581541432&sr=8-177","In Stock.","18."
"Smart Candelabra Bulbs E12 Base, LED Light Bulb Ceiling Fan Dimmable and Color Changing, 5W Tunable White 2700K-6500K, Compatible with Alexa Google Home","https://www.amazon.com/Candelabra-Dimmable-Changing-2700K-6500K-Compatible/dp/B082FDFRKL/ref=sr_1_178?keywords=smart+light&qid=1581541432&sr=8-178","In Stock.","30."
"Smart LED Light Bulb RGB Color Changing Light Bulb - Daylight 6500K - 750 Lumens - E26 Base - Dimmable - Works with Alexa Google Home IFTTT - No Hub Required - UL ETL Listed","https://www.amazon.com/Aoycocr-Dimmable-Compatible-Required-Equivalent/dp/B07NW21RM1/ref=sr_1_179?keywords=smart+light&qid=1581541432&sr=8-179","In Stock.","14."
"DreamColor LED Strip Lights, Govee 16.4ft WiFi Wireless Smart Light Strip Works with Alexa Google Assistant App Control for Room Bedroom Kitchen Outdoors Music Sync Waterproof (Not Support 5G WiFi)","https://www.amazon.com/DreamColor-MINGER-Wireless-Controlled-Assistance/dp/B07HRHLKGK/ref=sr_1_180?keywords=smart+light&qid=1581541432&sr=8-180","In Stock.","33."
"Smart Light Bulb Works with Alexa Google Home, NiteBird A19 E26 WiFi Multicolor Dimmable LED Lights Bulbs, 2700k + RGB, 75W Equivalent, No Hub Required, 2 Pack","https://www.amazon.com/TanTan-Smart-Bulb/dp/B07MTZNJP5/ref=sr_1_181?keywords=smart+light&qid=1581541432&sr=8-181","In Stock.","20."
"Sunco Lighting 6 Pack WiFi LED Smart Bulb, A19, 6W, Color Changing (RGB & CCT), Dimmable, 480 LM, Compatible with Amazon Alexa & Google Assistant - No Hub Required","https://www.amazon.com/Sunco-Lighting-Changing-Compatible-Assistant/dp/B07L51DWSF/ref=sr_1_182?keywords=smart+light&qid=1581541432&sr=8-182","In Stock.","59."
"meross Smart WiFi Light Switch, Wall Switch, Compatible with Amazon Alexa, Google Assistant and IFTTT, Remote Control, Schedules, Timer, No Hub Needed - Upgrade Version 2 Pack","https://www.amazon.com/meross-Compatible-Assistant-Control-Schedules/dp/B07KXNHNCB/ref=sr_1_183?keywords=smart+light&qid=1581541432&sr=8-183","In Stock.","29."
"Smart Light Switch TECKIN Single-pole Wi-Fi In-wall Switch, Work With Alexa, Google home and Google Nest Hub, Control Lighting Anywhere Anytime, Easy In-Wall Installation, No Hub Required(1 PC)","https://www.amazon.com/Single-Pole-TECKIN-Schedule-Installation-Required/dp/B07RBK2V32/ref=sr_1_184?keywords=smart+light&qid=1581541432&sr=8-184","In Stock.","17."
"Novostella Smart Light Bulb, WiFi RGBCW LED Color Changing Bulb, 7W 600LM Dimmable Multicolored Lights, No Hub Required, Compatible with Alexa Google Assistant IFTTT (60W Equivalent, A19 E26, 3 Pack)","https://www.amazon.com/Novostella-Multicolored-Compatible-Assistant-Equivalent/dp/B07Y1G9WKG/ref=sr_1_185?keywords=smart+light&qid=1581541432&sr=8-185","In Stock.","29."
"MustWin Smart Retrofit Led Recessed Lighting 6 inch LED Downlight, Bluetooth Mesh LED Can Lights Color Changing, Voice Control via Alexa, Dimmable RGBCW 15W4 Pack(Hub Included)","https://www.amazon.com/MustWin-Retrofit-Recessed-Downlight-Bluetooth/dp/B07WFXKJJM/ref=sr_1_186?keywords=smart+light&qid=1581541432&sr=8-186","In Stock.","119."
"Smart Light Bulb Wi-Fi Color LED Light Work with Alexa & Google Home, Dimmable Multicolored 60W Equivalent RGBW Color Mode, No Hub Required, A19 E26 / E27 Base Type, 7W, 2PCS","https://www.amazon.com/Google-Dimmable-Multicolored-Equivalent-Required/dp/B07RQL52WY/ref=sr_1_187?keywords=smart+light&qid=1581541432&sr=8-187","In Stock.","19."
"Sengled Smart Light Bulb, Daylight Extra Bright A19 Smart Light Bulb, Smart Hub Required, 5000K 100W Equivalent, Smart Bulb That Compatible with Alexa, Google Assistant & SmartThings, 1 Pack","https://www.amazon.com/Sengled-Equivalent-Compatible-Assistant-SmartThings/dp/B083JT3QRG/ref=sr_1_188?keywords=smart+light&qid=1581541432&sr=8-188","In Stock.","22."
"Smart Light Bulb Dimmable Soft White 2700K RGBW - Aoycocr A19 E26 Color Changing Lights Bulb Work with Alexa Google Home IFTTT for Smart Home, No Hub Required, 750 Lumens, 7.5 (65W Equivalent), 4 Pack","https://www.amazon.com/Smart-Light-Dimmable-White-2700K/dp/B07T5JZZRT/ref=sr_1_189?keywords=smart+light&qid=1581541432&sr=8-189","In Stock.","40."
"Smart LED Strip Lights Works with Alexa, Govee APP Control 16.4ft WiFi Light Strip, Music Sync 16 Million Colors RGB LED Lights for Room, Home, Kitchen, TV, Party, Halloween, Christmas, Waterproof","https://www.amazon.com/Govee-Control-Halloween-Christmas-Waterproof/dp/B07TTCSP86/ref=sr_1_190?keywords=smart+light&qid=1581541432&sr=8-190","In Stock.","28."
"Wixann 9W Smart Wi-Fi Light Bulb Compatible with Alexa & Google Home Assistant (No Hub Required, 2.4Ghz Only), A19, E26, 80W Equivalent Dimmable RGBCW Color Changing LED Bulbs for Siri IFTTT, 3 Pack","https://www.amazon.com/Wixann-Compatible-Assistant-Required-Equivalent/dp/B07Z2VZ5DX/ref=sr_1_191?keywords=smart+light&qid=1581541432&sr=8-191","In Stock.","31."
"Sengled Smart LED Multicolor Light Bulb, Hub Required, RGBW Color & Tunable White 2000-6500K, A19 60W Equivalent, Works with Alexa, Google Assistant & SmartThings, 1 Pack","https://www.amazon.com/Sengled-Multicolor-2000-6500K-Equivalent-SmartThings/dp/B073ZBYXKQ/ref=sr_1_192?keywords=smart+light&qid=1581541432&sr=8-192","In Stock.","24."